{"cameraMode":{"drawMode":0,"name":"Shaded","section":"Shading Mode"},"sceneLighting":true,"audioPlay":false,"sceneViewState":{"showFog":true,"showMaterialUpdate":false,"showSkybox":false,"showFlares":true,"showImageEffects":true,"showParticleSystems":true},"in2DMode":false,"pivot":{"x":0.0,"y":6.599999904632568,"z":-295.79998779296877},"rotation":{"x":0.2566823661327362,"y":0.34835031628608706,"z":-0.09979216009378433,"w":0.8960084319114685},"size":8.128396034240723,"orthographic":true}