{"cameraMode":{"drawMode":0,"name":"Shaded","section":"Shading Mode"},"sceneLighting":true,"audioPlay":false,"sceneViewState":{"showFog":true,"showMaterialUpdate":false,"showSkybox":true,"showFlares":true,"showImageEffects":true,"showParticleSystems":true},"in2DMode":false,"pivot":{"x":15.287927627563477,"y":7.156064987182617,"z":-5.562516212463379},"rotation":{"x":0.25447842478752139,"y":-0.21369227766990663,"z":0.05776555836200714,"w":0.9414334893226624},"size":68.15135955810547,"orthographic":true}